Song,Artist,Genre,danceability,energy,key,loudness,mode,speechiness,acousticness,instrumentalness,liveness,valence,tempo,duration_ms,time_signature,id_Spotify,Link_Spotify,type,uri,track_href,analysis_url,Link_YouTube,Questionnaire
Is This Love,Bob Marley,Reggae,0.776,0.559,6,-8.375,0,0.103,0.11,0,0.0671,0.758,122.242,232200,4,6JRLFiX9NJSoRRKxowlBYr,https://open.spotify.com/track/6JRLFiX9NJSoRRKxowlBYr,audio_features,spotify:track:6JRLFiX9NJSoRRKxowlBYr,https://api.spotify.com/v1/tracks/6JRLFiX9NJSoRRKxowlBYr,https://api.spotify.com/v1/audio-analysis/6JRLFiX9NJSoRRKxowlBYr,,
I Shot the Sheriff,Bob Marley,Reggae,0.444,0.739,6,-8.554,0,0.085,0.515,0.000444,0.817,0.808,175.898,432600,4,4ADEd6pwcJqYMqMv5HV4Yl,https://open.spotify.com/track/4ADEd6pwcJqYMqMv5HV4Yl,audio_features,spotify:track:4ADEd6pwcJqYMqMv5HV4Yl,https://api.spotify.com/v1/tracks/4ADEd6pwcJqYMqMv5HV4Yl,https://api.spotify.com/v1/audio-analysis/4ADEd6pwcJqYMqMv5HV4Yl,https://youtu.be/2XiYUYcpsT4,5
We will Rock You,Queen,Rock,0.698,0.398,11,-10.584,0,0.0694,0.585,0,0.175,0.512,81.269,122093,4,4fVn54cP0hasdSHuJthQj1,https://open.spotify.com/track/4fVn54cP0hasdSHuJthQj1,audio_features,spotify:track:4fVn54cP0hasdSHuJthQj1,https://api.spotify.com/v1/tracks/4fVn54cP0hasdSHuJthQj1,https://api.spotify.com/v1/audio-analysis/4fVn54cP0hasdSHuJthQj1,https://youtu.be/-tJYN-eG1zk?t=5,3
I want to Break Free,Queen,Rock,0.865,0.4,4,-11.957,1,0.0367,0.0509,0.00189,0.205,0.844,109.16,200973,4,09jZZLarDD6MI3eT3ujsEL,https://open.spotify.com/track/09jZZLarDD6MI3eT3ujsEL,audio_features,spotify:track:09jZZLarDD6MI3eT3ujsEL,https://api.spotify.com/v1/tracks/09jZZLarDD6MI3eT3ujsEL,https://api.spotify.com/v1/audio-analysis/09jZZLarDD6MI3eT3ujsEL,,
Enter Sandman,Metallica,Hard Rock,0.577,0.828,6,-8.691,0,0.0298,0.00213,0.0114,0.0581,0.604,123.257,331267,4,5sICkBXVmaCQk5aISGR3x1,https://open.spotify.com/track/5sICkBXVmaCQk5aISGR3x1,audio_features,spotify:track:5sICkBXVmaCQk5aISGR3x1,https://api.spotify.com/v1/tracks/5sICkBXVmaCQk5aISGR3x1,https://api.spotify.com/v1/audio-analysis/5sICkBXVmaCQk5aISGR3x1,https://youtu.be/CD-E-LDc384?t=40,8
What a wonderful world,Louis Armstrong,Jazz,0.271,0.165,5,-20.652,1,0.0351,0.729,0.0000016,0.118,0.203,77.082,139227,4,29U7stRjqHU6rMiS8BfaI9,https://open.spotify.com/track/29U7stRjqHU6rMiS8BfaI9,audio_features,spotify:track:29U7stRjqHU6rMiS8BfaI9,https://api.spotify.com/v1/tracks/29U7stRjqHU6rMiS8BfaI9,https://api.spotify.com/v1/audio-analysis/29U7stRjqHU6rMiS8BfaI9,https://youtu.be/p-T6aaRV9HY?t=19,1
La Vie En Rose,Edit Piaf,Jazz,0.368,0.278,0,-8.596,0,0.0302,0.981,0,0.272,0.338,82.305,187733,4,3lAun9V0YdTlCSIEXPvfsY,https://open.spotify.com/track/3lAun9V0YdTlCSIEXPvfsY,audio_features,spotify:track:3lAun9V0YdTlCSIEXPvfsY,https://api.spotify.com/v1/tracks/3lAun9V0YdTlCSIEXPvfsY,https://api.spotify.com/v1/audio-analysis/3lAun9V0YdTlCSIEXPvfsY,,
Ipanema Girl,Varios,latin,0.779,0.613,9,-7.24,1,0.0674,0.534,0.0000954,0.118,0.812,152.066,251480,4,7E9DYN1PhD0qpAvKAwWIRn,https://open.spotify.com/track/7E9DYN1PhD0qpAvKAwWIRn,audio_features,spotify:track:7E9DYN1PhD0qpAvKAwWIRn,https://api.spotify.com/v1/tracks/7E9DYN1PhD0qpAvKAwWIRn,https://api.spotify.com/v1/audio-analysis/7E9DYN1PhD0qpAvKAwWIRn,https://youtu.be/8PYKOo_jgJo?t=7,10
19 Días y 500 Noches,Joaquín Sabina,latin,0.706,0.786,4,-4.431,1,0.216,0.696,0,0.272,0.8,87.539,281360,4,5H65WGGLMlGGh17kh77vG4,https://open.spotify.com/track/5H65WGGLMlGGh17kh77vG4,audio_features,spotify:track:5H65WGGLMlGGh17kh77vG4,https://api.spotify.com/v1/tracks/5H65WGGLMlGGh17kh77vG4,https://api.spotify.com/v1/audio-analysis/5H65WGGLMlGGh17kh77vG4,,
No le Pegue a la Negra,Varios,latin,0.787,0.788,0,-9.997,0,0.0462,0.525,0.000175,0.0626,0.872,101.913,276320,4,4VZlzYNRyweaQpDIHE07GD,https://open.spotify.com/track/4VZlzYNRyweaQpDIHE07GD,audio_features,spotify:track:4VZlzYNRyweaQpDIHE07GD,https://api.spotify.com/v1/tracks/4VZlzYNRyweaQpDIHE07GD,https://api.spotify.com/v1/audio-analysis/4VZlzYNRyweaQpDIHE07GD,https://youtu.be/PqmLPeL8aj4?t=10,10
El cuarto de Tula,Varios,latin,0.533,0.715,9,-11.925,1,0.0466,0.618,0.000264,0.295,0.843,104.275,445427,4,0iLFcV2sOXIH8LLGFJL8sO,https://open.spotify.com/track/0iLFcV2sOXIH8LLGFJL8sO,audio_features,spotify:track:0iLFcV2sOXIH8LLGFJL8sO,https://api.spotify.com/v1/tracks/0iLFcV2sOXIH8LLGFJL8sO,https://api.spotify.com/v1/audio-analysis/0iLFcV2sOXIH8LLGFJL8sO,https://youtu.be/XZHF6SDWtU8?t=15,7
Atrevete-Te-Te,Calle 13,Reggaeton,0.829,0.878,9,-5.951,1,0.101,0.0959,0,0.776,0.883,87.991,239307,4,1q8NdCAQ9QUjpYiqzdd3mv,https://open.spotify.com/track/1q8NdCAQ9QUjpYiqzdd3mv,audio_features,spotify:track:1q8NdCAQ9QUjpYiqzdd3mv,https://api.spotify.com/v1/tracks/1q8NdCAQ9QUjpYiqzdd3mv,https://api.spotify.com/v1/audio-analysis/1q8NdCAQ9QUjpYiqzdd3mv,https://youtu.be/vXtJkDHEAAc?t=10,8
Pitbull,El Taxi,Reggaeton,0.869,0.691,7,-6.872,1,0.192,0.12,0,0.102,0.875,95.019,249800,4,1LbGorB0xOfpiXQJFKB2Nd,https://open.spotify.com/track/1LbGorB0xOfpiXQJFKB2Nd,audio_features,spotify:track:1LbGorB0xOfpiXQJFKB2Nd,https://api.spotify.com/v1/tracks/1LbGorB0xOfpiXQJFKB2Nd,https://api.spotify.com/v1/audio-analysis/1LbGorB0xOfpiXQJFKB2Nd,https://youtu.be/UyGQPNywEDY?t=18,9
Clandestino,Manu Chao,latin,0.68,0.594,6,-6.417,0,0.0688,0.469,0,0.431,0.774,85.04,149173,4,51R2M1JgyFfRS3e6v5wCt3,https://open.spotify.com/track/51R2M1JgyFfRS3e6v5wCt3,audio_features,spotify:track:51R2M1JgyFfRS3e6v5wCt3,https://api.spotify.com/v1/tracks/51R2M1JgyFfRS3e6v5wCt3,https://api.spotify.com/v1/audio-analysis/51R2M1JgyFfRS3e6v5wCt3,https://youtu.be/I0PjuPu78rQ?t=13,4
Welcome to Tijuana,Manu Chao,latin,0.642,0.539,2,-9.164,0,0.0584,0.51,0.0000568,0.0896,0.694,142.006,244093,4,15boojE8lD9VfJku7h4rpB,https://open.spotify.com/track/15boojE8lD9VfJku7h4rpB,audio_features,spotify:track:15boojE8lD9VfJku7h4rpB,https://api.spotify.com/v1/tracks/15boojE8lD9VfJku7h4rpB,https://api.spotify.com/v1/audio-analysis/15boojE8lD9VfJku7h4rpB,https://youtu.be/JVmjLGxFJAw?t=6,2
Calaveras y Diablitos,Fabulosos,latin,0.701,0.46,9,-6.141,1,0.0421,0.511,0.0000984,0.214,0.853,92.725,264027,4,67VY2M8IZedcXJcy8LG5EH,https://open.spotify.com/track/67VY2M8IZedcXJcy8LG5EH,audio_features,spotify:track:67VY2M8IZedcXJcy8LG5EH,https://api.spotify.com/v1/tracks/67VY2M8IZedcXJcy8LG5EH,https://api.spotify.com/v1/audio-analysis/67VY2M8IZedcXJcy8LG5EH,https://youtu.be/OZc11vc27f8?t=19,6
Matador,Fabulosos,latin,0.554,0.963,4,-5.439,0,0.106,0.0348,0.029,0.0836,0.662,193.805,274067,4,4S0p4Z0KuVUWm2bxKoGPRJ,https://open.spotify.com/track/4S0p4Z0KuVUWm2bxKoGPRJ,audio_features,spotify:track:4S0p4Z0KuVUWm2bxKoGPRJ,https://api.spotify.com/v1/tracks/4S0p4Z0KuVUWm2bxKoGPRJ,https://api.spotify.com/v1/audio-analysis/4S0p4Z0KuVUWm2bxKoGPRJ,https://youtu.be/pjPA7CXutDw?t=15,8
Persiana Americana,Soda,Rock,0.574,0.938,4,-4.98,0,0.0466,0.0164,0.0000476,0.0804,0.512,100.93,295000,4,4iPA2yB8bK7T770EkkOi7s,https://open.spotify.com/track/4iPA2yB8bK7T770EkkOi7s,audio_features,spotify:track:4iPA2yB8bK7T770EkkOi7s,https://api.spotify.com/v1/tracks/4iPA2yB8bK7T770EkkOi7s,https://api.spotify.com/v1/audio-analysis/4iPA2yB8bK7T770EkkOi7s,https://youtu.be/WSUU_iB9iH8?t=17,7
Las Bodas de Fígaro,Mozart,Instrumental,0.341,0.155,2,-17.002,1,0.0356,0.933,0.923,0.102,0.225,141.828,264573,4,603gmwNwMDuonvQmpFRGE3,https://open.spotify.com/track/603gmwNwMDuonvQmpFRGE3,audio_features,spotify:track:603gmwNwMDuonvQmpFRGE3,https://api.spotify.com/v1/tracks/603gmwNwMDuonvQmpFRGE3,https://api.spotify.com/v1/audio-analysis/603gmwNwMDuonvQmpFRGE3,https://youtu.be/rkw_coO3pl8?t=13,8
Symphony No. 9,Beethoven,Instrumental,0.364,0.189,2,-22.125,0,0.0425,0.964,0.82,0.0769,0.283,111.408,822307,4,6lnttZF0hDaVyVZBEgpJ3I,https://open.spotify.com/track/6lnttZF0hDaVyVZBEgpJ3I,audio_features,spotify:track:6lnttZF0hDaVyVZBEgpJ3I,https://api.spotify.com/v1/tracks/6lnttZF0hDaVyVZBEgpJ3I,https://api.spotify.com/v1/audio-analysis/6lnttZF0hDaVyVZBEgpJ3I,,
Take me Out,Franz Ferdinand,Rock,0.278,0.676,9,-8.821,1,0.0371,0.000423,0.000899,0.136,0.494,104.545,237027,4,6ooluO7DiEhI1zmK94nRCM,https://open.spotify.com/track/6ooluO7DiEhI1zmK94nRCM,audio_features,spotify:track:6ooluO7DiEhI1zmK94nRCM,https://api.spotify.com/v1/tracks/6ooluO7DiEhI1zmK94nRCM,https://api.spotify.com/v1/audio-analysis/6ooluO7DiEhI1zmK94nRCM,https://youtu.be/GhCXAiNz9Jo?t=3,6
1901,Phoenix,Rock,0.607,0.835,0,-5.427,1,0.0415,0.0588,0.0000471,0.195,0.719,144.087,193120,4,1mvyqSb1tOvtVP1qfWEyPa,https://open.spotify.com/track/1mvyqSb1tOvtVP1qfWEyPa,audio_features,spotify:track:1mvyqSb1tOvtVP1qfWEyPa,https://api.spotify.com/v1/tracks/1mvyqSb1tOvtVP1qfWEyPa,https://api.spotify.com/v1/audio-analysis/1mvyqSb1tOvtVP1qfWEyPa,https://youtu.be/HL548cHH3OY?t=20,6
Mr. Brightside,The Killers,Rock,0.355,0.918,1,-4.36,1,0.0746,0.00119,0,0.0971,0.24,148.114,222200,4,3n3Ppam7vgaVa1iaRUc9Lp,https://open.spotify.com/track/3n3Ppam7vgaVa1iaRUc9Lp,audio_features,spotify:track:3n3Ppam7vgaVa1iaRUc9Lp,https://api.spotify.com/v1/tracks/3n3Ppam7vgaVa1iaRUc9Lp,https://api.spotify.com/v1/audio-analysis/3n3Ppam7vgaVa1iaRUc9Lp,https://youtu.be/gGdGFtwCNBE?t=5,10
Last Nite,Thr Strokes,Rock,0.624,0.91,0,-5.703,1,0.0297,0.0285,0.000198,0.0789,0.767,104.042,193051,4,7kzKAuUzOITUauHAhoMoxA,https://open.spotify.com/track/7kzKAuUzOITUauHAhoMoxA,audio_features,spotify:track:7kzKAuUzOITUauHAhoMoxA,https://api.spotify.com/v1/tracks/7kzKAuUzOITUauHAhoMoxA,https://api.spotify.com/v1/audio-analysis/7kzKAuUzOITUauHAhoMoxA,,
Girls and Boys,Blur,Dance,0.693,0.875,7,-8.354,0,0.0315,0.00971,0,0.0601,0.901,120.048,259387,4,5CeL9C3bsoe4yzYS1Qz8cw,https://open.spotify.com/track/5CeL9C3bsoe4yzYS1Qz8cw,audio_features,spotify:track:5CeL9C3bsoe4yzYS1Qz8cw,https://api.spotify.com/v1/tracks/5CeL9C3bsoe4yzYS1Qz8cw,https://api.spotify.com/v1/audio-analysis/5CeL9C3bsoe4yzYS1Qz8cw,https://youtu.be/WDswiT87oo8?t=30,9
Sex on Fire,King of Leon,Rock,0.542,0.905,9,-5.653,1,0.054,0.00172,0.0104,0.136,0.374,153.398,203347,4,0ntQJM78wzOLVeCUAW7Y45,https://open.spotify.com/track/0ntQJM78wzOLVeCUAW7Y45,audio_features,spotify:track:0ntQJM78wzOLVeCUAW7Y45,https://api.spotify.com/v1/tracks/0ntQJM78wzOLVeCUAW7Y45,https://api.spotify.com/v1/audio-analysis/0ntQJM78wzOLVeCUAW7Y45,,
Wonderwall,Oasis,Rock,0.407,0.889,6,-4.362,0,0.0325,0.000691,0,0.189,0.699,174.585,258080,4,37QocLRDF8iFO7pMp1RFrF,https://open.spotify.com/track/37QocLRDF8iFO7pMp1RFrF,audio_features,spotify:track:37QocLRDF8iFO7pMp1RFrF,https://api.spotify.com/v1/tracks/37QocLRDF8iFO7pMp1RFrF,https://api.spotify.com/v1/audio-analysis/37QocLRDF8iFO7pMp1RFrF,https://youtu.be/bx1Bh8ZvH84?t=30,3
We Are The People,Empire of the Sun,Dance,0.675,0.781,4,-5.404,0,0.0306,0.0801,0.0143,0.422,0.534,122.989,267373,4,3zEN0ii6s4DHHBpnTp3RP7,https://open.spotify.com/track/3zEN0ii6s4DHHBpnTp3RP7,audio_features,spotify:track:3zEN0ii6s4DHHBpnTp3RP7,https://api.spotify.com/v1/tracks/3zEN0ii6s4DHHBpnTp3RP7,https://api.spotify.com/v1/audio-analysis/3zEN0ii6s4DHHBpnTp3RP7,https://youtu.be/hN5X4kGhAtU?t=40,1
Happy,Pharrell Williams,Pop,0.647,0.822,5,-4.662,0,0.183,0.219,0,0.0908,0.962,160.019,232720,4,5b88tNINg4Q4nrRbrCXUmg,https://open.spotify.com/track/5b88tNINg4Q4nrRbrCXUmg,audio_features,spotify:track:5b88tNINg4Q4nrRbrCXUmg,https://api.spotify.com/v1/tracks/5b88tNINg4Q4nrRbrCXUmg,https://api.spotify.com/v1/audio-analysis/5b88tNINg4Q4nrRbrCXUmg,https://youtu.be/ZbZSe6N_BXs?t=7,10
I'm Yours,Jason Mraz,Pop,0.686,0.457,11,-8.322,1,0.0468,0.595,0,0.105,0.718,150.953,242187,4,1EzrEOXmMH3G43AXT1y7pA,https://open.spotify.com/track/1EzrEOXmMH3G43AXT1y7pA,audio_features,spotify:track:1EzrEOXmMH3G43AXT1y7pA,https://api.spotify.com/v1/tracks/1EzrEOXmMH3G43AXT1y7pA,https://api.spotify.com/v1/audio-analysis/1EzrEOXmMH3G43AXT1y7pA,https://youtu.be/EkHTsc9PU2A?t=9,8
Uptown Funk,Mark Ronson & Bruno Mars,Pop,0.856,0.609,0,-7.223,1,0.0824,0.00801,0.0000815,0.0344,0.928,114.988,269667,4,32OlwWuMpZ6b0aN2RZOeMS,https://open.spotify.com/track/32OlwWuMpZ6b0aN2RZOeMS,audio_features,spotify:track:32OlwWuMpZ6b0aN2RZOeMS,https://api.spotify.com/v1/tracks/32OlwWuMpZ6b0aN2RZOeMS,https://api.spotify.com/v1/audio-analysis/32OlwWuMpZ6b0aN2RZOeMS,,
Wake Me Up,Avicii,Dance,0.518,0.784,2,-5.659,1,0.0524,0.00346,0.00187,0.171,0.588,124.102,247427,4,4h8VwCb1MTGoLKueQ1WgbD,https://open.spotify.com/track/4h8VwCb1MTGoLKueQ1WgbD,audio_features,spotify:track:4h8VwCb1MTGoLKueQ1WgbD,https://api.spotify.com/v1/tracks/4h8VwCb1MTGoLKueQ1WgbD,https://api.spotify.com/v1/audio-analysis/4h8VwCb1MTGoLKueQ1WgbD,https://youtu.be/IcrbM1l_BoI?t=6,7
Titanium,David Guetta,Dance,0.602,0.796,0,-3.657,0,0.103,0.0682,0.12,0.15,0.265,126.06,245053,4,0TDLuuLlV54CkRRUOahJb4,https://open.spotify.com/track/0TDLuuLlV54CkRRUOahJb4,audio_features,spotify:track:0TDLuuLlV54CkRRUOahJb4,https://api.spotify.com/v1/tracks/0TDLuuLlV54CkRRUOahJb4,https://api.spotify.com/v1/audio-analysis/0TDLuuLlV54CkRRUOahJb4,https://youtu.be/JRfuAukYTKg?t=12,2
Move like Jagger,Maroon 5,Pop,0.722,0.758,11,-4.477,0,0.0471,0.0111,0,0.308,0.62,128.047,201160,4,7LcfRTgAVTs5pQGEQgUEzN,https://open.spotify.com/track/7LcfRTgAVTs5pQGEQgUEzN,audio_features,spotify:track:7LcfRTgAVTs5pQGEQgUEzN,https://api.spotify.com/v1/tracks/7LcfRTgAVTs5pQGEQgUEzN,https://api.spotify.com/v1/audio-analysis/7LcfRTgAVTs5pQGEQgUEzN,,
Somebody That I Used To Know,Gotye & Kimbra,Pop,0.857,0.517,0,-6.972,1,0.0384,0.565,0.000195,0.102,0.754,129.063,244973,4,4wCmqSrbyCgxEXROQE6vtV,https://open.spotify.com/track/4wCmqSrbyCgxEXROQE6vtV,audio_features,spotify:track:4wCmqSrbyCgxEXROQE6vtV,https://api.spotify.com/v1/tracks/4wCmqSrbyCgxEXROQE6vtV,https://api.spotify.com/v1/audio-analysis/4wCmqSrbyCgxEXROQE6vtV,https://youtu.be/8UVNT4wvIGY?t=19,1
Party Rock Anthem,LMFAO,Dance,0.751,0.736,5,-4.168,0,0.156,0.0206,0,0.265,0.352,130.014,262147,4,4650WGL6InVqP7YN5POqIz,https://open.spotify.com/track/4650WGL6InVqP7YN5POqIz,audio_features,spotify:track:4650WGL6InVqP7YN5POqIz,https://api.spotify.com/v1/tracks/4650WGL6InVqP7YN5POqIz,https://api.spotify.com/v1/audio-analysis/4650WGL6InVqP7YN5POqIz,https://youtu.be/zIh5AHxh-Ok?t=27,7
Sexy And I Know It,LMFAO,Dance,0.702,0.848,7,-4.227,1,0.302,0.103,0,0.202,0.785,130.06,201267,4,5tGFmUFsBBSPvj5ZLQ686F,https://open.spotify.com/track/5tGFmUFsBBSPvj5ZLQ686F,audio_features,spotify:track:5tGFmUFsBBSPvj5ZLQ686F,https://api.spotify.com/v1/tracks/5tGFmUFsBBSPvj5ZLQ686F,https://api.spotify.com/v1/audio-analysis/5tGFmUFsBBSPvj5ZLQ686F,https://youtu.be/wyx6JDQCslE?t=11,5
Despacito (Remix),Luis Fonsi & Daddy Yankee & Justin Bieber,Reggaeton,0.653,0.816,2,-4.353,1,0.167,0.228,0,0.0967,0.816,178.086,228827,4,6rPO02ozF3bM7NnOV4h6s2,https://open.spotify.com/track/6rPO02ozF3bM7NnOV4h6s2,audio_features,spotify:track:6rPO02ozF3bM7NnOV4h6s2,https://api.spotify.com/v1/tracks/6rPO02ozF3bM7NnOV4h6s2,https://api.spotify.com/v1/audio-analysis/6rPO02ozF3bM7NnOV4h6s2,https://youtu.be/72UO0v5ESUo?t=9,9
Rolling in the Deep,Adele,Pop,0.729,0.756,8,-5.119,1,0.0294,0.131,0,0.0527,0.522,104.945,228293,4,1CkvWZme3pRgbzaxZnTl5X,https://open.spotify.com/track/1CkvWZme3pRgbzaxZnTl5X,audio_features,spotify:track:1CkvWZme3pRgbzaxZnTl5X,https://api.spotify.com/v1/tracks/1CkvWZme3pRgbzaxZnTl5X,https://api.spotify.com/v1/audio-analysis/1CkvWZme3pRgbzaxZnTl5X,https://youtu.be/rYEDA3JcQqw?t=4,9
Gangnam Style,PSY,Dance,0.736,0.939,11,-2.812,0,0.284,0.0055,0,0.0905,0.761,132.07,219493,4,03UrZgTINDqvnUMbbIMhql,https://open.spotify.com/track/03UrZgTINDqvnUMbbIMhql,audio_features,spotify:track:03UrZgTINDqvnUMbbIMhql,https://api.spotify.com/v1/tracks/03UrZgTINDqvnUMbbIMhql,https://api.spotify.com/v1/audio-analysis/03UrZgTINDqvnUMbbIMhql,https://youtu.be/9bZkp7q19f0?t=6,3
Blurred Lines,Robin Thicke & Pharrell Williams,Pop,0.853,0.599,7,-4.756,1,0.0411,0.00334,0.00000793,0.0759,0.843,119.993,263827,4,6oZDct1pcrRPMnNvP0OXea,https://open.spotify.com/track/6oZDct1pcrRPMnNvP0OXea,audio_features,spotify:track:6oZDct1pcrRPMnNvP0OXea,https://api.spotify.com/v1/tracks/6oZDct1pcrRPMnNvP0OXea,https://api.spotify.com/v1/audio-analysis/6oZDct1pcrRPMnNvP0OXea,https://youtu.be/yyDUC1LUXSU?t=7,7
Just the Way You Are,Bruno Mars,Pop,0.637,0.843,5,-5.413,1,0.0432,0.0151,0,0.0876,0.434,109.012,220733,4,7BqBn9nzAq8spo5e7cZ0dJ,https://open.spotify.com/track/7BqBn9nzAq8spo5e7cZ0dJ,audio_features,spotify:track:7BqBn9nzAq8spo5e7cZ0dJ,https://api.spotify.com/v1/tracks/7BqBn9nzAq8spo5e7cZ0dJ,https://api.spotify.com/v1/audio-analysis/7BqBn9nzAq8spo5e7cZ0dJ,https://youtu.be/LjhCEhWiKXk?t=27,4
Yellow,Cold Play,Pop,0.429,0.661,11,-7.227,1,0.0281,0.00239,0.00013,0.234,0.285,173.365,266773,4,3AJwUDP919kvQ9QcozQPxg,https://open.spotify.com/track/3AJwUDP919kvQ9QcozQPxg,audio_features,spotify:track:3AJwUDP919kvQ9QcozQPxg,https://api.spotify.com/v1/tracks/3AJwUDP919kvQ9QcozQPxg,https://api.spotify.com/v1/audio-analysis/3AJwUDP919kvQ9QcozQPxg,https://youtu.be/yKNxeF4KMsY?t=27,2
Thinking Out Loud,Ed Sheeran,Pop,0.781,0.445,2,-6.061,1,0.0295,0.474,0,0.184,0.591,78.998,281560,4,34gCuhDGsG4bRPIf9bb02f,https://open.spotify.com/track/34gCuhDGsG4bRPIf9bb02f,audio_features,spotify:track:34gCuhDGsG4bRPIf9bb02f,https://api.spotify.com/v1/tracks/34gCuhDGsG4bRPIf9bb02f,https://api.spotify.com/v1/audio-analysis/34gCuhDGsG4bRPIf9bb02f,https://youtu.be/lp-EO5I60KA?t=9,10
Where Are You Now,Justin Bieber,Dance,0.432,0.781,4,-4.038,0,0.0567,0.041,0.00000421,0.0789,0.197,139.432,250286,4,66hayvUbTotekKU3H4ta1f,https://open.spotify.com/track/66hayvUbTotekKU3H4ta1f,audio_features,spotify:track:66hayvUbTotekKU3H4ta1f,https://api.spotify.com/v1/tracks/66hayvUbTotekKU3H4ta1f,https://api.spotify.com/v1/audio-analysis/66hayvUbTotekKU3H4ta1f,https://youtu.be/IZ4fndEGBpU?t=15,6
We Found Love,Rihanna,Dance,0.756,0.759,1,-4.39,1,0.0411,0.0204,0.00098,0.172,0.582,127.946,215227,4,3t4HeVfURZ5DuqMWz0Cmqg,https://open.spotify.com/track/3t4HeVfURZ5DuqMWz0Cmqg,audio_features,spotify:track:3t4HeVfURZ5DuqMWz0Cmqg,https://api.spotify.com/v1/tracks/3t4HeVfURZ5DuqMWz0Cmqg,https://api.spotify.com/v1/audio-analysis/3t4HeVfURZ5DuqMWz0Cmqg,https://youtu.be/tg00YEETFzg?t=52,9
Diamonds,Rihanna,Dance,0.555,0.709,11,-4.928,0,0.0452,0.00118,0,0.113,0.387,91.982,225147,4,7Kt59L2ZZGtOnIhvMwzG6f,https://open.spotify.com/track/7Kt59L2ZZGtOnIhvMwzG6f,audio_features,spotify:track:7Kt59L2ZZGtOnIhvMwzG6f,https://api.spotify.com/v1/tracks/7Kt59L2ZZGtOnIhvMwzG6f,https://api.spotify.com/v1/audio-analysis/7Kt59L2ZZGtOnIhvMwzG6f,https://youtu.be/lWA2pjMjpBs?t=38,2
Phantom of the Opera,Iron Maiden,Hard Rock,0.319,0.952,4,-5.315,0,0.0723,0.0000628,0.154,0.918,0.228,109.275,441467,4,14H2fE4WEdkEem0kjVeODT,https://open.spotify.com/track/14H2fE4WEdkEem0kjVeODT,audio_features,spotify:track:14H2fE4WEdkEem0kjVeODT,https://api.spotify.com/v1/tracks/14H2fE4WEdkEem0kjVeODT,https://api.spotify.com/v1/audio-analysis/14H2fE4WEdkEem0kjVeODT,https://youtu.be/h8IuFl3sMhk?t=18,8
Iron Man,Black Sabbath,Hard Rock,0.336,0.795,6,-10.845,0,0.0897,0.00361,0.00143,0.0621,0.417,155.271,353613,4,0TI8TP4FitVPoEHPTySx48,https://open.spotify.com/track/0TI8TP4FitVPoEHPTySx48,audio_features,spotify:track:0TI8TP4FitVPoEHPTySx48,https://api.spotify.com/v1/tracks/0TI8TP4FitVPoEHPTySx48,https://api.spotify.com/v1/audio-analysis/0TI8TP4FitVPoEHPTySx48,,
Angel of Death,Slayer,Hard Rock,0.332,0.994,1,-4.336,1,0.137,0.000119,0.322,0.142,0.0829,106.086,291440,4,61dTqhd46yMkSWmC5LAh5F,https://open.spotify.com/track/61dTqhd46yMkSWmC5LAh5F,audio_features,spotify:track:61dTqhd46yMkSWmC5LAh5F,https://api.spotify.com/v1/tracks/61dTqhd46yMkSWmC5LAh5F,https://api.spotify.com/v1/audio-analysis/61dTqhd46yMkSWmC5LAh5F,https://youtu.be/K6_zsJ8KPP0?t=18,4
Du Hast,Rammstein,Hard Rock,0.64,0.922,9,-6.283,0,0.0385,0.00369,0.055,0.332,0.716,125.105,234227,4,6uEvFCaOqXyEidoO8BZbyh,https://open.spotify.com/track/6uEvFCaOqXyEidoO8BZbyh,audio_features,spotify:track:6uEvFCaOqXyEidoO8BZbyh,https://api.spotify.com/v1/tracks/6uEvFCaOqXyEidoO8BZbyh,https://api.spotify.com/v1/audio-analysis/6uEvFCaOqXyEidoO8BZbyh,,
The Beautiful People,Marilyn Manson,Hard Rock,0.639,0.837,1,-10.011,1,0.0616,0.00106,0.558,0.0559,0.911,143.97,218827,4,2aIB1CdRRG7YLBu9hNw9nR,https://open.spotify.com/track/2aIB1CdRRG7YLBu9hNw9nR,audio_features,spotify:track:2aIB1CdRRG7YLBu9hNw9nR,https://api.spotify.com/v1/tracks/2aIB1CdRRG7YLBu9hNw9nR,https://api.spotify.com/v1/audio-analysis/2aIB1CdRRG7YLBu9hNw9nR,,
Come With Me Now,Kongos,Rock,0.654,0.726,10,-3.803,0,0.0401,0.0311,0.0000635,0.0618,0.728,103.987,211960,4,2kWowW0k4oFymhkr7LmvzO,https://open.spotify.com/track/2kWowW0k4oFymhkr7LmvzO,audio_features,spotify:track:2kWowW0k4oFymhkr7LmvzO,https://api.spotify.com/v1/tracks/2kWowW0k4oFymhkr7LmvzO,https://api.spotify.com/v1/audio-analysis/2kWowW0k4oFymhkr7LmvzO,,
Cómo quieres que te quiera,Rosario,Latin,0.761,0.711,4,-7.398,0,0.0744,0.343,0,0.0723,0.657,126.006,267720,4,6jAs8GeDUmnr6l7u1HU2zB,https://open.spotify.com/track/6jAs8GeDUmnr6l7u1HU2zB,audio_features,spotify:track:6jAs8GeDUmnr6l7u1HU2zB,https://api.spotify.com/v1/tracks/6jAs8GeDUmnr6l7u1HU2zB,https://api.spotify.com/v1/audio-analysis/6jAs8GeDUmnr6l7u1HU2zB,,
My Heart Will Go On,Celine Dion,Vocal,0.428,0.276,4,-11.729,1,0.0312,0.732,0.00000533,0.117,0.0382,99.195,280000,1,3oEHQmhvFLiE7ZYES0ulzv,https://open.spotify.com/track/3oEHQmhvFLiE7ZYES0ulzv,audio_features,spotify:track:3oEHQmhvFLiE7ZYES0ulzv,https://api.spotify.com/v1/tracks/3oEHQmhvFLiE7ZYES0ulzv,https://api.spotify.com/v1/audio-analysis/3oEHQmhvFLiE7ZYES0ulzv,,
Al By MySelf,Celine Dion,Vocal,0.344,0.325,11,-10.005,0,0.0287,0.348,0.0239,0.0686,0.0773,118.556,312307,4,20EpQjfV7B4ZQJkIdHO1Tw,https://open.spotify.com/track/20EpQjfV7B4ZQJkIdHO1Tw,audio_features,spotify:track:20EpQjfV7B4ZQJkIdHO1Tw,https://api.spotify.com/v1/tracks/20EpQjfV7B4ZQJkIdHO1Tw,https://api.spotify.com/v1/audio-analysis/20EpQjfV7B4ZQJkIdHO1Tw,https://youtu.be/NGrLb6W5YOM?t=50,9
Strangers in the Night,Frank Sinatra,Vocal,0.229,0.494,5,-8.22,1,0.0311,0.638,0,0.217,0.526,80.092,157867,4,74VR3AkGPhbYXnxcOYa16x,https://open.spotify.com/track/74VR3AkGPhbYXnxcOYa16x,audio_features,spotify:track:74VR3AkGPhbYXnxcOYa16x,https://api.spotify.com/v1/tracks/74VR3AkGPhbYXnxcOYa16x,https://api.spotify.com/v1/audio-analysis/74VR3AkGPhbYXnxcOYa16x,https://youtu.be/h5h_EW4odWw?t=11,5
Tengo Todo Excepto a Ti,Luis Miguel,Vocal,0.542,0.665,0,-8.121,1,0.0297,0.522,0,0.177,0.417,147.977,272827,4,27XboT5Wb8VOn7A0heo3Ei,https://open.spotify.com/track/27XboT5Wb8VOn7A0heo3Ei,audio_features,spotify:track:27XboT5Wb8VOn7A0heo3Ei,https://api.spotify.com/v1/tracks/27XboT5Wb8VOn7A0heo3Ei,https://api.spotify.com/v1/audio-analysis/27XboT5Wb8VOn7A0heo3Ei,,
Volare,Domenico Mondugno,Vocal,0.542,0.108,10,-12.87,1,0.0423,0.97,0.0000399,0.255,0.494,129.172,214853,4,71hIekopkrYCGgggsBOpVG,https://open.spotify.com/track/71hIekopkrYCGgggsBOpVG,audio_features,spotify:track:71hIekopkrYCGgggsBOpVG,https://api.spotify.com/v1/tracks/71hIekopkrYCGgggsBOpVG,https://api.spotify.com/v1/audio-analysis/71hIekopkrYCGgggsBOpVG,https://youtu.be/7wWiC0e3b2I?t=10,2
Il Mondo,Jimmy Fontana,Vocal,0.188,0.524,2,-10.043,1,0.0367,0.314,0,0.41,0.402,175.971,162773,4,4g8VQKQwS2JfK2dnEhbQmL,https://open.spotify.com/track/4g8VQKQwS2JfK2dnEhbQmL,audio_features,spotify:track:4g8VQKQwS2JfK2dnEhbQmL,https://api.spotify.com/v1/tracks/4g8VQKQwS2JfK2dnEhbQmL,https://api.spotify.com/v1/audio-analysis/4g8VQKQwS2JfK2dnEhbQmL,https://youtu.be/E92bmikkFpU?t=5,5
Elisa,Serge Gainsbourg,Vocal,0.45,0.584,8,-12.098,1,0.0345,0.061,0,0.175,0.883,167.73,150160,4,0WXgnVMarrzLlx4ClGLm2O,https://open.spotify.com/track/0WXgnVMarrzLlx4ClGLm2O,audio_features,spotify:track:0WXgnVMarrzLlx4ClGLm2O,https://api.spotify.com/v1/tracks/0WXgnVMarrzLlx4ClGLm2O,https://api.spotify.com/v1/audio-analysis/0WXgnVMarrzLlx4ClGLm2O,https://youtu.be/P1306gvDN7o?t=6,7
quelqu'un m'a dit,Carla Buni,Vocal,0.611,0.428,10,-10.723,1,0.0474,0.834,0.00517,0.113,0.389,133.281,168627,3,7lncIPoy398VKZNbH3W9og,https://open.spotify.com/track/7lncIPoy398VKZNbH3W9og,audio_features,spotify:track:7lncIPoy398VKZNbH3W9og,https://api.spotify.com/v1/tracks/7lncIPoy398VKZNbH3W9og,https://api.spotify.com/v1/audio-analysis/7lncIPoy398VKZNbH3W9og,https://youtu.be/EC7Re8cczj0?t=5,9
Carinhoso,Marisa Monte,Vocal,0.598,0.281,7,-9.745,1,0.0388,0.826,0.0000144,0.133,0.209,105.939,112227,4,4g1ySxdherVEfGexFUFMiP,https://open.spotify.com/track/4g1ySxdherVEfGexFUFMiP,audio_features,spotify:track:4g1ySxdherVEfGexFUFMiP,https://api.spotify.com/v1/tracks/4g1ySxdherVEfGexFUFMiP,https://api.spotify.com/v1/audio-analysis/4g1ySxdherVEfGexFUFMiP,https://youtu.be/C-Gg8HH1UzM,7
No habrá nadie en el mundo,Buika,Latin,0.912,0.532,10,-8.871,0,0.036,0.751,0,0.0868,0.785,129.978,232827,4,0MTWY6gyLmeEHyYJGqM5hU,https://open.spotify.com/track/0MTWY6gyLmeEHyYJGqM5hU,audio_features,spotify:track:0MTWY6gyLmeEHyYJGqM5hU,https://api.spotify.com/v1/tracks/0MTWY6gyLmeEHyYJGqM5hU,https://api.spotify.com/v1/audio-analysis/0MTWY6gyLmeEHyYJGqM5hU,https://youtu.be/B8SVDn34vVQ?t=13,4
"Quando, Quando, Quando",Michael Bublé & Nelly Furtado,Vocal,0.643,0.427,9,-9.196,1,0.0391,0.778,0.0000949,0.136,0.577,116.042,284373,4,14qF2dnsVGh5lOvD7E6wSm,https://open.spotify.com/track/14qF2dnsVGh5lOvD7E6wSm,audio_features,spotify:track:14qF2dnsVGh5lOvD7E6wSm,https://api.spotify.com/v1/tracks/14qF2dnsVGh5lOvD7E6wSm,https://api.spotify.com/v1/audio-analysis/14qF2dnsVGh5lOvD7E6wSm,https://youtu.be/lXX1Oq7lGE4?t=10,3
Ava Adore,Smahsing Pumpkins,Hard Rock,0.604,0.844,8,-6.003,1,0.0597,0.000401,0.214,0.0484,0.791,160.318,270893,4,6bVB2MGR7LcotAIB1vfpw6,https://open.spotify.com/track/6bVB2MGR7LcotAIB1vfpw6,audio_features,spotify:track:6bVB2MGR7LcotAIB1vfpw6,https://api.spotify.com/v1/tracks/6bVB2MGR7LcotAIB1vfpw6,https://api.spotify.com/v1/audio-analysis/6bVB2MGR7LcotAIB1vfpw6,https://youtu.be/9uWwvQKGjLI?t=11,2
Sweet Dreams,Marilyn Manson,Hard Rock,0.21,0.675,0,-5.119,0,0.0369,0.00516,0.535,0.247,0.153,186.129,293293,4,3D0bXrSv7O73vOaGOG8J9c,https://open.spotify.com/track/3D0bXrSv7O73vOaGOG8J9c,audio_features,spotify:track:3D0bXrSv7O73vOaGOG8J9c,https://api.spotify.com/v1/tracks/3D0bXrSv7O73vOaGOG8J9c,https://api.spotify.com/v1/audio-analysis/3D0bXrSv7O73vOaGOG8J9c,https://youtu.be/QUvVdTlA23w?t=10,6
As I Am,Dream Theater,Hard Rock,0.514,0.95,7,-4.657,1,0.0725,0.0000109,0.0135,0.19,0.149,130.027,467827,4,6hz6lrQtLcxOOjflnYjF9o,https://open.spotify.com/track/6hz6lrQtLcxOOjflnYjF9o,audio_features,spotify:track:6hz6lrQtLcxOOjflnYjF9o,https://api.spotify.com/v1/tracks/6hz6lrQtLcxOOjflnYjF9o,https://api.spotify.com/v1/audio-analysis/6hz6lrQtLcxOOjflnYjF9o,https://youtu.be/iD_R8K89Z8I?t=55,1
Walk,Pantera,Hard Rock,0.43,0.704,1,-8.008,0,0.0804,0.000155,0.00221,0.0933,0.703,118.242,315120,4,7fcfNW0XxTWlwVlftzfDOR,https://open.spotify.com/track/7fcfNW0XxTWlwVlftzfDOR,audio_features,spotify:track:7fcfNW0XxTWlwVlftzfDOR,https://api.spotify.com/v1/tracks/7fcfNW0XxTWlwVlftzfDOR,https://api.spotify.com/v1/audio-analysis/7fcfNW0XxTWlwVlftzfDOR,,
Serenade No. 13 for strings in G major,Mozart,Instrumental,0.487,0.179,7,-14.968,1,0.0405,0.956,0.405,0.0599,0.314,130.277,367595,4,4jwmD9XX0Va02tkq2Ft1ox,https://open.spotify.com/track/4jwmD9XX0Va02tkq2Ft1ox,audio_features,spotify:track:4jwmD9XX0Va02tkq2Ft1ox,https://api.spotify.com/v1/tracks/4jwmD9XX0Va02tkq2Ft1ox,https://api.spotify.com/v1/audio-analysis/4jwmD9XX0Va02tkq2Ft1ox,https://youtu.be/z4Hfv00eqoI?t=2,5
Toccata and Fugue in D minor,Bach,Instrumental,0.164,0.188,2,-19.533,0,0.0357,0.437,0.873,0.386,0.14,109.313,482067,4,61JrLdVyiMy8nPg63DlENb,https://open.spotify.com/track/61JrLdVyiMy8nPg63DlENb,audio_features,spotify:track:61JrLdVyiMy8nPg63DlENb,https://api.spotify.com/v1/tracks/61JrLdVyiMy8nPg63DlENb,https://api.spotify.com/v1/audio-analysis/61JrLdVyiMy8nPg63DlENb,https://youtu.be/ho9rZjlsyYY?t=2,5
The Four Seasons,Vivaldi,Instrumental,0.333,0.465,7,-18.452,1,0.0462,0.837,0.797,0.291,0.641,169.952,153573,3,3qwVqJyXKNiPZLz9VBMd6r,https://open.spotify.com/track/3qwVqJyXKNiPZLz9VBMd6r,audio_features,spotify:track:3qwVqJyXKNiPZLz9VBMd6r,https://api.spotify.com/v1/tracks/3qwVqJyXKNiPZLz9VBMd6r,https://api.spotify.com/v1/audio-analysis/3qwVqJyXKNiPZLz9VBMd6r,,
Carmen,Bizet,Instrumental,0.263,0.27,2,-16.85,0,0.0348,0.876,0.865,0.0562,0.228,129.095,213693,4,7e8ZbMDwjdbUHWsoMOlZCd,https://open.spotify.com/track/7e8ZbMDwjdbUHWsoMOlZCd,audio_features,spotify:track:7e8ZbMDwjdbUHWsoMOlZCd,https://api.spotify.com/v1/tracks/7e8ZbMDwjdbUHWsoMOlZCd,https://api.spotify.com/v1/audio-analysis/7e8ZbMDwjdbUHWsoMOlZCd,https://youtu.be/pmuFOuh3QHs?t=10,3
The Blue Danube,Strauss,Instrumental,0.226,0.0701,2,-20.668,1,0.0361,0.929,0.782,0.123,0.15,176.342,527400,3,5LYAuItJcXH06adHkebOmf,https://open.spotify.com/track/5LYAuItJcXH06adHkebOmf,audio_features,spotify:track:5LYAuItJcXH06adHkebOmf,https://api.spotify.com/v1/tracks/5LYAuItJcXH06adHkebOmf,https://api.spotify.com/v1/audio-analysis/5LYAuItJcXH06adHkebOmf,https://youtu.be/_CTYymbbEL4?t=25,1
In the hall of the Mountain King,Grieg,Instrumental,0.449,0.114,6,-21.425,0,0.0463,0.693,0.557,0.107,0.559,132.093,154693,4,6pyVwsX5jOSnNC4d5GPeut,https://open.spotify.com/track/6pyVwsX5jOSnNC4d5GPeut,audio_features,spotify:track:6pyVwsX5jOSnNC4d5GPeut,https://api.spotify.com/v1/tracks/6pyVwsX5jOSnNC4d5GPeut,https://api.spotify.com/v1/audio-analysis/6pyVwsX5jOSnNC4d5GPeut,https://youtu.be/kLp_Hh6DKWc?t=30,10
Dance of the Knights,Prokofiev,Instrumental,0.172,0.159,0,-16.377,1,0.0529,0.818,0.121,0.393,0.151,184.221,342813,3,4gaWbVsdmvsNHktWWg9qcq,https://open.spotify.com/track/4gaWbVsdmvsNHktWWg9qcq,audio_features,spotify:track:4gaWbVsdmvsNHktWWg9qcq,https://api.spotify.com/v1/tracks/4gaWbVsdmvsNHktWWg9qcq,https://api.spotify.com/v1/audio-analysis/4gaWbVsdmvsNHktWWg9qcq,https://youtu.be/DUmq1cpcglQ?t=7,4
Finale from William Tell Oberture,Rossini,Instrumental,0.304,0.517,4,-13.83,1,0.041,0.894,0.813,0.0939,0.604,156.766,197000,4,7g70vYlhVXPM083SqT7dSR,https://open.spotify.com/track/7g70vYlhVXPM083SqT7dSR,audio_features,spotify:track:7g70vYlhVXPM083SqT7dSR,https://api.spotify.com/v1/tracks/7g70vYlhVXPM083SqT7dSR,https://api.spotify.com/v1/audio-analysis/7g70vYlhVXPM083SqT7dSR,,
Strange Fruit,Billie Holiday,Jazz,0.313,0.0437,6,-22.627,1,0.0315,0.989,0.148,0.209,0.0625,100.827,192867,1,1CTex49P0iWwzUGsMNjgaV,https://open.spotify.com/track/1CTex49P0iWwzUGsMNjgaV,audio_features,spotify:track:1CTex49P0iWwzUGsMNjgaV,https://api.spotify.com/v1/tracks/1CTex49P0iWwzUGsMNjgaV,https://api.spotify.com/v1/audio-analysis/1CTex49P0iWwzUGsMNjgaV,https://youtu.be/Web007rzSOI?t=8,2
So What,Miles Davis,Jazz,0.517,0.151,0,-17.266,1,0.0373,0.705,0.00136,0.116,0.21,136.356,562640,4,4vLYewWIvqHfKtJDk8c8tq,https://open.spotify.com/track/4vLYewWIvqHfKtJDk8c8tq,audio_features,spotify:track:4vLYewWIvqHfKtJDk8c8tq,https://api.spotify.com/v1/tracks/4vLYewWIvqHfKtJDk8c8tq,https://api.spotify.com/v1/audio-analysis/4vLYewWIvqHfKtJDk8c8tq,https://youtu.be/ylXk1LBvIqU?t=90,4
Dizzy Gillespie,A night in Tunisia,Jazz,0.478,0.459,7,-8.586,0,0.0586,0.882,0.0174,0.115,0.623,175.424,185507,4,2iYHPl8WczwjAGS2ERz7a0,https://open.spotify.com/track/2iYHPl8WczwjAGS2ERz7a0,audio_features,spotify:track:2iYHPl8WczwjAGS2ERz7a0,https://api.spotify.com/v1/tracks/2iYHPl8WczwjAGS2ERz7a0,https://api.spotify.com/v1/audio-analysis/2iYHPl8WczwjAGS2ERz7a0,,
In a Sentimental Mood,Duke Ellington,Jazz,0.464,0.305,3,-12.435,0,0.0316,0.936,0.0846,0.208,0.282,108.231,255227,4,0E8q2Fx2XuzXCO2NSAppkR,https://open.spotify.com/track/0E8q2Fx2XuzXCO2NSAppkR,audio_features,spotify:track:0E8q2Fx2XuzXCO2NSAppkR,https://api.spotify.com/v1/tracks/0E8q2Fx2XuzXCO2NSAppkR,https://api.spotify.com/v1/audio-analysis/0E8q2Fx2XuzXCO2NSAppkR,https://youtu.be/sCQfTNOC5aE?t=15,10
Body and Soul,Billie Holiday,Jazz,0.435,0.0901,8,-15.469,1,0.0582,0.809,0.0000119,0.101,0.221,178.85,378400,3,7c7yHHFdYkqBzS1DG3UIFq,https://open.spotify.com/track/7c7yHHFdYkqBzS1DG3UIFq,audio_features,spotify:track:7c7yHHFdYkqBzS1DG3UIFq,https://api.spotify.com/v1/tracks/7c7yHHFdYkqBzS1DG3UIFq,https://api.spotify.com/v1/audio-analysis/7c7yHHFdYkqBzS1DG3UIFq,https://youtu.be/AXnQeb0rgpU?t=5,3
Never Let Me Go,Stacey Kent,Jazz,0.435,0.0946,4,-20.698,1,0.0388,0.944,0.00173,0.104,0.128,110.911,278267,4,4FCwx5XYXU5WQhfstq7Hdq,https://open.spotify.com/track/4FCwx5XYXU5WQhfstq7Hdq,audio_features,spotify:track:4FCwx5XYXU5WQhfstq7Hdq,https://api.spotify.com/v1/tracks/4FCwx5XYXU5WQhfstq7Hdq,https://api.spotify.com/v1/audio-analysis/4FCwx5XYXU5WQhfstq7Hdq,https://youtu.be/R4ovuq4veR4?t=15,6
I Wish I Could Go Travelling Again,Stacey Kent,Jazz,0.667,0.343,10,-12.173,0,0.0337,0.847,0.000116,0.155,0.499,131.891,246947,4,2ACkUuj4c8BAYn6OT8rJhI,https://open.spotify.com/track/2ACkUuj4c8BAYn6OT8rJhI,audio_features,spotify:track:2ACkUuj4c8BAYn6OT8rJhI,https://api.spotify.com/v1/tracks/2ACkUuj4c8BAYn6OT8rJhI,https://api.spotify.com/v1/audio-analysis/2ACkUuj4c8BAYn6OT8rJhI,https://youtu.be/O07nxVSuGPU,4
9 Million Bycicles,Katie Melua,Jazz,0.534,0.247,0,-15.636,1,0.0322,0.516,0.00859,0.122,0.344,82.168,197160,4,0xQdisF8CHkso4LnJcaIMr,https://open.spotify.com/track/0xQdisF8CHkso4LnJcaIMr,audio_features,spotify:track:0xQdisF8CHkso4LnJcaIMr,https://api.spotify.com/v1/tracks/0xQdisF8CHkso4LnJcaIMr,https://api.spotify.com/v1/audio-analysis/0xQdisF8CHkso4LnJcaIMr,,
Bombastic,Shaggy,Reggae,0.866,0.538,2,-16.183,1,0.36,0.242,0.0000167,0.316,0.78,158.323,249933,4,4fxF8ljwryMZX5c9EKrLFE,https://open.spotify.com/track/4fxF8ljwryMZX5c9EKrLFE,audio_features,spotify:track:4fxF8ljwryMZX5c9EKrLFE,https://api.spotify.com/v1/tracks/4fxF8ljwryMZX5c9EKrLFE,https://api.spotify.com/v1/audio-analysis/4fxF8ljwryMZX5c9EKrLFE,https://youtu.be/6W5pq4bIzIw?t=23,1
Do The Reggay,Maytals,Reggae,0.635,0.634,7,-8.864,1,0.0406,0.175,0.0144,0.326,0.852,72.936,188493,4,4j4GsMm9vglqJl7b6E08PR,https://open.spotify.com/track/4j4GsMm9vglqJl7b6E08PR,audio_features,spotify:track:4j4GsMm9vglqJl7b6E08PR,https://api.spotify.com/v1/tracks/4j4GsMm9vglqJl7b6E08PR,https://api.spotify.com/v1/audio-analysis/4j4GsMm9vglqJl7b6E08PR,,
Red Red Wine,UB 40,Reggae,0.857,0.468,1,-8.53,1,0.0476,0.00414,0.0000132,0.269,0.843,89.119,183113,4,4uOKFydzAejjSFqYbv1XPt,https://open.spotify.com/track/4uOKFydzAejjSFqYbv1XPt,audio_features,spotify:track:4uOKFydzAejjSFqYbv1XPt,https://api.spotify.com/v1/tracks/4uOKFydzAejjSFqYbv1XPt,https://api.spotify.com/v1/audio-analysis/4uOKFydzAejjSFqYbv1XPt,,
Get Up Stand Up,Bob Marley,Reggae,0.822,0.547,9,-9.537,1,0.381,0.344,0.0000354,0.0733,0.863,148.88,221933,4,5MVW8uIuNuL7CQ0RyyogHI,https://open.spotify.com/track/5MVW8uIuNuL7CQ0RyyogHI,audio_features,spotify:track:5MVW8uIuNuL7CQ0RyyogHI,https://api.spotify.com/v1/tracks/5MVW8uIuNuL7CQ0RyyogHI,https://api.spotify.com/v1/audio-analysis/5MVW8uIuNuL7CQ0RyyogHI,,
Could YoBe Loved,Bob Marley,Reggae,0.923,0.728,0,-8.518,1,0.101,0.363,0.000169,0.0941,0.751,103.299,237000,4,5O4erNlJ74PIF6kGol1ZrC,https://open.spotify.com/track/5O4erNlJ74PIF6kGol1ZrC,audio_features,spotify:track:5O4erNlJ74PIF6kGol1ZrC,https://api.spotify.com/v1/tracks/5O4erNlJ74PIF6kGol1ZrC,https://api.spotify.com/v1/audio-analysis/5O4erNlJ74PIF6kGol1ZrC,,
Buffalo Soldier,Bob Marley,Reggae,0.932,0.469,9,-8.66,1,0.29,0.143,0.00000443,0.0586,0.747,124.115,257440,4,7BfW1eoDh27W69nxsmRicb,https://open.spotify.com/track/7BfW1eoDh27W69nxsmRicb,audio_features,spotify:track:7BfW1eoDh27W69nxsmRicb,https://api.spotify.com/v1/tracks/7BfW1eoDh27W69nxsmRicb,https://api.spotify.com/v1/audio-analysis/7BfW1eoDh27W69nxsmRicb,,
Stir It Up,Bob Marley,Reggae,0.756,0.453,9,-11.091,1,0.0911,0.654,0.259,0.0761,0.904,147.241,334493,4,3sqZDdEO5viqNqMCNem5m5,https://open.spotify.com/track/3sqZDdEO5viqNqMCNem5m5,audio_features,spotify:track:3sqZDdEO5viqNqMCNem5m5,https://api.spotify.com/v1/tracks/3sqZDdEO5viqNqMCNem5m5,https://api.spotify.com/v1/audio-analysis/3sqZDdEO5viqNqMCNem5m5,,
(I Can't Help) Falling In Love With You,Bob Marley,Reggae,0.642,0.722,2,-13.031,1,0.0375,0.0444,0.00388,0.122,0.836,172.406,207440,4,7ojJ4XvqBhBcteM0zjMebT,https://open.spotify.com/track/7ojJ4XvqBhBcteM0zjMebT,audio_features,spotify:track:7ojJ4XvqBhBcteM0zjMebT,https://api.spotify.com/v1/tracks/7ojJ4XvqBhBcteM0zjMebT,https://api.spotify.com/v1/audio-analysis/7ojJ4XvqBhBcteM0zjMebT,https://youtu.be/ZLvvLtt99Lc?t=35,6
Hit The Road Jack,Ray Charles,Blues,0.613,0.618,8,-11.831,0,0.257,0.568,0,0.727,0.94,172.741,118267,4,49fzPkBb3aOUWYRKaTWVhm,https://open.spotify.com/track/49fzPkBb3aOUWYRKaTWVhm,audio_features,spotify:track:49fzPkBb3aOUWYRKaTWVhm,https://api.spotify.com/v1/tracks/49fzPkBb3aOUWYRKaTWVhm,https://api.spotify.com/v1/audio-analysis/49fzPkBb3aOUWYRKaTWVhm,,
While my guitar gently weeps,George Harrison,Blues,0.312,0.903,7,-3.739,1,0.0645,0.522,0.0053,0.967,0.251,117.982,357105,4,6ZHCQehGCpGWTi6wEzs8vf,https://open.spotify.com/track/6ZHCQehGCpGWTi6wEzs8vf,audio_features,spotify:track:6ZHCQehGCpGWTi6wEzs8vf,https://api.spotify.com/v1/tracks/6ZHCQehGCpGWTi6wEzs8vf,https://api.spotify.com/v1/audio-analysis/6ZHCQehGCpGWTi6wEzs8vf,,
My sweet lord,George Harrison,Blues,0.538,0.704,1,-8.904,0,0.0332,0.0794,0,0.0867,0.583,120.963,281227,4,0qdQUeKVyevrbKhAo0ibxS,https://open.spotify.com/track/0qdQUeKVyevrbKhAo0ibxS,audio_features,spotify:track:0qdQUeKVyevrbKhAo0ibxS,https://api.spotify.com/v1/tracks/0qdQUeKVyevrbKhAo0ibxS,https://api.spotify.com/v1/audio-analysis/0qdQUeKVyevrbKhAo0ibxS,https://youtu.be/SP9wms6oEMo?t=29,6
Mannish Boy,Muddy Waters,Blues,0.598,0.735,2,-10.882,1,0.0973,0.44,0.000215,0.681,0.615,111.129,321133,3,58PSYdY0GFg0LFb2PxYk4T,https://open.spotify.com/track/58PSYdY0GFg0LFb2PxYk4T,audio_features,spotify:track:58PSYdY0GFg0LFb2PxYk4T,https://api.spotify.com/v1/tracks/58PSYdY0GFg0LFb2PxYk4T,https://api.spotify.com/v1/audio-analysis/58PSYdY0GFg0LFb2PxYk4T,https://youtu.be/bSfqNEvykv0?t=28,5
Rollin' Stone,Muddy Waters,Blues,0.786,0.0479,4,-12.601,1,0.0811,0.992,0.000171,0.119,0.385,84.675,187240,4,6uSBSTEnZJY0XI3IS69gBU,https://open.spotify.com/track/6uSBSTEnZJY0XI3IS69gBU,audio_features,spotify:track:6uSBSTEnZJY0XI3IS69gBU,https://api.spotify.com/v1/tracks/6uSBSTEnZJY0XI3IS69gBU,https://api.spotify.com/v1/audio-analysis/6uSBSTEnZJY0XI3IS69gBU,https://youtu.be/sVmEMv8rcCA?t=9,1
Riders In The Storm,The Doors,Blues,0.549,0.722,11,-11.729,0,0.0283,0.25,0.0138,0.11,0.716,103.885,434720,4,14XWXWv5FoCbFzLksawpEe,https://open.spotify.com/track/14XWXWv5FoCbFzLksawpEe,audio_features,spotify:track:14XWXWv5FoCbFzLksawpEe,https://api.spotify.com/v1/tracks/14XWXWv5FoCbFzLksawpEe,https://api.spotify.com/v1/audio-analysis/14XWXWv5FoCbFzLksawpEe,,
People are Strange,The Doors,Blues,0.699,0.467,4,-8.578,0,0.0375,0.685,0,0.315,0.764,119.287,130173,4,1Jmqubf9kGkWeYQXQKImL5,https://open.spotify.com/track/1Jmqubf9kGkWeYQXQKImL5,audio_features,spotify:track:1Jmqubf9kGkWeYQXQKImL5,https://api.spotify.com/v1/tracks/1Jmqubf9kGkWeYQXQKImL5,https://api.spotify.com/v1/audio-analysis/1Jmqubf9kGkWeYQXQKImL5,,
The End,The Doors,Blues,0.347,0.302,0,-12.104,1,0.0291,0.163,0.0000917,0.14,0.0332,105.702,703373,4,5UgT7w6zVZjP3oyawMzbiK,https://open.spotify.com/track/5UgT7w6zVZjP3oyawMzbiK,audio_features,spotify:track:5UgT7w6zVZjP3oyawMzbiK,https://api.spotify.com/v1/tracks/5UgT7w6zVZjP3oyawMzbiK,https://api.spotify.com/v1/audio-analysis/5UgT7w6zVZjP3oyawMzbiK,https://youtu.be/JSUIQgEVDM4?t=50,3
House Of The Rising Sun,The Animals,Blues,0.316,0.484,9,-9.11,0,0.0308,0.000334,0.00445,0.0912,0.299,117.363,269907,3,4mn2kNTqiGLwaUR8JdhJ1l,https://open.spotify.com/track/4mn2kNTqiGLwaUR8JdhJ1l,audio_features,spotify:track:4mn2kNTqiGLwaUR8JdhJ1l,https://api.spotify.com/v1/tracks/4mn2kNTqiGLwaUR8JdhJ1l,https://api.spotify.com/v1/audio-analysis/4mn2kNTqiGLwaUR8JdhJ1l,,
La Grange,ZZ Top,Blues,0.545,0.64,4,-9.937,0,0.224,0.00249,0.0304,0.196,0.606,80.544,230480,4,70YvYr2hGlS01bKRIho1HM,https://open.spotify.com/track/70YvYr2hGlS01bKRIho1HM,audio_features,spotify:track:70YvYr2hGlS01bKRIho1HM,https://api.spotify.com/v1/tracks/70YvYr2hGlS01bKRIho1HM,https://api.spotify.com/v1/audio-analysis/70YvYr2hGlS01bKRIho1HM,,
Gasolina,Daddy Yankee,Reggaeton,0.857,0.801,0,-6.499,1,0.0618,0.332,0.0000012,0.0789,0.753,96.009,192600,4,6jEZLz3YpnEBRpVkv35AmP,https://open.spotify.com/track/6jEZLz3YpnEBRpVkv35AmP,audio_features,spotify:track:6jEZLz3YpnEBRpVkv35AmP,https://api.spotify.com/v1/tracks/6jEZLz3YpnEBRpVkv35AmP,https://api.spotify.com/v1/audio-analysis/6jEZLz3YpnEBRpVkv35AmP,https://youtu.be/TbY75E8dYZc?t=11,3
Sin Pijama,Becky G,Reggaeton,0.791,0.745,11,-3.695,0,0.0464,0.354,0.0000293,0.104,0.82,94.014,188560,4,2ijef6ni2amuunRoKTlgww,https://open.spotify.com/track/2ijef6ni2amuunRoKTlgww,audio_features,spotify:track:2ijef6ni2amuunRoKTlgww,https://api.spotify.com/v1/tracks/2ijef6ni2amuunRoKTlgww,https://api.spotify.com/v1/audio-analysis/2ijef6ni2amuunRoKTlgww,https://youtu.be/zEf423kYfqk?t=25,5
Felices los 4,Maluma,Reggaeton,0.766,0.756,5,-5.861,1,0.132,0.213,0,0.349,0.716,94.027,230000,4,1RouRzlg8OKFeqc6LvdxmB,https://open.spotify.com/track/1RouRzlg8OKFeqc6LvdxmB,audio_features,spotify:track:1RouRzlg8OKFeqc6LvdxmB,https://api.spotify.com/v1/tracks/1RouRzlg8OKFeqc6LvdxmB,https://api.spotify.com/v1/audio-analysis/1RouRzlg8OKFeqc6LvdxmB,https://youtu.be/t_jHrUE5IOk?t=42,2
Vente Pa'Ca,Ricky Martin,Reggaeton,0.663,0.92,11,-4.07,0,0.226,0.00431,0.0000169,0.101,0.533,99.935,259196,4,7DM4BPaS7uofFul3ywMe46,https://open.spotify.com/track/7DM4BPaS7uofFul3ywMe46,audio_features,spotify:track:7DM4BPaS7uofFul3ywMe46,https://api.spotify.com/v1/tracks/7DM4BPaS7uofFul3ywMe46,https://api.spotify.com/v1/audio-analysis/7DM4BPaS7uofFul3ywMe46,https://youtu.be/iOe6dI2JhgU?t=40,8
El Perdon,Enrique Iglesias,Reggaeton,0.628,0.69,8,-5.828,1,0.0511,0.446,0,0.112,0.662,179.911,205907,4,7qCAVkHWZkF44OzOUKf8Cr,https://open.spotify.com/track/7qCAVkHWZkF44OzOUKf8Cr,audio_features,spotify:track:7qCAVkHWZkF44OzOUKf8Cr,https://api.spotify.com/v1/tracks/7qCAVkHWZkF44OzOUKf8Cr,https://api.spotify.com/v1/audio-analysis/7qCAVkHWZkF44OzOUKf8Cr,https://youtu.be/hXI8RQYC36Q?t=20,4
La Bicicleta,Shakira & Carlos Vives,Reggaeton,0.736,0.964,0,-2.147,1,0.129,0.198,0.00000232,0.336,0.953,179.935,227707,4,0sXvAOmXgjR2QUqLK1MltU,https://open.spotify.com/track/0sXvAOmXgjR2QUqLK1MltU,audio_features,spotify:track:0sXvAOmXgjR2QUqLK1MltU,https://api.spotify.com/v1/tracks/0sXvAOmXgjR2QUqLK1MltU,https://api.spotify.com/v1/audio-analysis/0sXvAOmXgjR2QUqLK1MltU,https://youtu.be/-UV0QGLmYys?t=13,1
Nota de Amor,Carlos Vives & Wisin & Daddy Yankee,Reggaeton,0.806,0.929,10,-3.017,1,0.121,0.263,0,0.0622,0.602,97.99,232373,4,4YW2Fr25fHwUt6qgvM1iE1,https://open.spotify.com/track/4YW2Fr25fHwUt6qgvM1iE1,audio_features,spotify:track:4YW2Fr25fHwUt6qgvM1iE1,https://api.spotify.com/v1/tracks/4YW2Fr25fHwUt6qgvM1iE1,https://api.spotify.com/v1/audio-analysis/4YW2Fr25fHwUt6qgvM1iE1,,
